"""You Are Welcome Here"": Small Stickers Make a Big Difference for LGBTQ Scientists (Scientific American)",http://news.feedzilla.com/en_us/stories/science/411535186?client_source=api&format=json,"When I visited the Woods Hole Oceanographic Institution on Cape Cod in early
2013 for an open house for prospective students, in many senses I was feeling
under the weather.


-- Read more on ScientificAmerican.com

"
'Sky Chemistry' Leads To Greener Way To Make Plastic (Scientific American),http://news.feedzilla.com/en_us/stories/science/411839681?client_source=api&format=json,"Nylon production creates a greenhouse gas but combining ozone and UV light
eliminates it


-- Read more on ScientificAmerican.com

"
22 sheep packed in van 'like sardines' (APN),http://news.feedzilla.com/en_us/stories/science/411513098?client_source=api&format=json,"Two youths have been charged after police found 22 sheep crammed in a van in
Gisborne this morning.The sheep were discovered ""packed in like sardines"" in
the Mitsubishi L300 van after police tracked the vehicle to a property
after...

"
300 Million Year Old Fossil Fish Likely Had Color Vision,http://rss.slashdot.org/~r/Slashdot/slashdot/~3/3SdC8l-_7TM/story01.htm,"westlake writes Nature is reporting the discovery of mineralized rods and cones in a 300 million year old fossil fish found in Kansas. The soft tissues of the eye and brain decay rapidly after death, within 64 days and 11 days, respectively, and are almost never preserved in the fossil record &mdash; making this is the first discovery of fossil rods and cones in general and the first evidence for color vision in a fossilized vertebrate eye.<p><div class=""share_submission"" style=""position:relative;""> <a class=""slashpop"" href=""http://twitter.com/home?status=300+Million+Year+Old+Fossil+Fish+Likely+Had+Color+Vision%3A+http%3A%2F%2Fbit.ly%2F1xjtcWg""><img src=""http://a.fsdn.com/sd/twitter_icon_large.png""></a> <a class=""slashpop"" href=""http://www.facebook.com/sharer.php?u=http%3A%2F%2Fscience.slashdot.org%2Fstory%2F14%2F12%2F25%2F032232%2F300-million-year-old-fossil-fish-likely-had-color-vision%3Futm_source%3Dslashdot%26utm_medium%3Dfacebook""><img src=""http://a.fsdn.com/sd/facebook_icon_large.png""></a> <a class=""nobg"" href=""http://plus.google.com/share?url=http://science.slashdot.org/story/14/12/25/032232/300-million-year-old-fossil-fish-likely-had-color-vision?utm_source=slashdot&amp;utm_medium=googleplus"" onclick=""javascript:window.open(this.href,'', 'menubar=no,toolbar=no,resizable=yes,scrollbars=yes,height=600,width=600');return false;""><img src=""http://www.gstatic.com/images/icons/gplus-16.png"" alt=""Share on Google+""/></a> </div></p><p><a href=""http://science.slashdot.org/story/14/12/25/032232/300-million-year-old-fossil-fish-likely-had-color-vision?utm_source=rss1.0moreanon&amp;utm_medium=feed"">Read more of this story</a> at Slashdot.</p><iframe src=""http://slashdot.org/slashdot-it.pl?op=discuss&amp;id=6509249&amp;smallembed=1"" style=""height: 300px; width: 100%; border: none;""></iframe><img width='1' height='1' src='http://slashdot.feedsportal.com/c/35028/f/647410/s/41c29d5e/sc/32/mf.gif' border='0'/><br clear='all'/><br/><br/><a href=""http://da.feedsportal.com/r/216443207869/u/49/f/647410/c/35028/s/41c29d5e/sc/32/rc/1/rc.htm"" rel=""nofollow""><img src=""http://da.feedsportal.com/r/216443207869/u/49/f/647410/c/35028/s/41c29d5e/sc/32/rc/1/rc.img"" border=""0""/></a><br/><a href=""http://da.feedsportal.com/r/216443207869/u/49/f/647410/c/35028/s/41c29d5e/sc/32/rc/2/rc.htm"" rel=""nofollow""><img src=""http://da.feedsportal.com/r/216443207869/u/49/f/647410/c/35028/s/41c29d5e/sc/32/rc/2/rc.img"" border=""0""/></a><br/><a href=""http://da.feedsportal.com/r/216443207869/u/49/f/647410/c/35028/s/41c29d5e/sc/32/rc/3/rc.htm"" rel=""nofollow""><img src=""http://da.feedsportal.com/r/216443207869/u/49/f/647410/c/35028/s/41c29d5e/sc/32/rc/3/rc.img"" border=""0""/></a><br/><br/><a href=""http://da.feedsportal.com/r/216443207869/u/49/f/647410/c/35028/s/41c29d5e/sc/32/a2.htm""><img src=""http://da.feedsportal.com/r/216443207869/u/49/f/647410/c/35028/s/41c29d5e/sc/32/a2.img"" border=""0""/></a><img width=""1"" height=""1"" src=""http://pi.feedsportal.com/r/216443207869/u/49/f/647410/c/35028/s/41c29d5e/sc/32/a2t.img"" border=""0""/><img src=""//feeds.feedburner.com/~r/Slashdot/slashdot/~4/3SdC8l-_7TM"" height=""1"" width=""1"" alt=""""/>"
A New Edition of Hastings Center Report is Available (bioethicscom),http://news.feedzilla.com/en_us/stories/science/411862933?client_source=api&format=json,"Hastings Center Report (Vol. 44, No. 6, November-December 2014) is now
available online by subscription only. Articles include: ""Public Health
Emergencies: What Counts?"" by Lawrence O. Gostin ""Laws that Conflict with the
Ethics of Medicine: What Should Doctors Do?"" by Dena … Read More

"
"App Gives You Free Ebooks of Your Paperbacks When You Take a ""Shelfie""",http://rss.slashdot.org/~r/Slashdot/slashdot/~3/EU5LkaDg624/story01.htm,"Peter Hudson writes Alan Henry writes on LifeHacker: ""Paper books are awesome, but sometimes there's no beating the portability of an ebook on your phone or tablet. If you have a physical book you'd love to read on the go, BitLit may be able to get you an ebook version for free&mdash;all you need to do is take a photo of your book case: a 'shelfie.'"" CNET notes that it's not quite as useful as it sounds: ""As you might expect from a startup in the e-book space, BitLit currently offers a very limited selection -- only about 75,000 books, so the likelihood of a match is pretty slim. Browsing the library, I recognized very few mainstream authors.""<p><div class=""share_submission"" style=""position:relative;""> <a class=""slashpop"" href=""http://twitter.com/home?status=App+Gives+You+Free+Ebooks+of+Your+Paperbacks+When+You+Take+a+%22Shelfie%22%3A+http%3A%2F%2Fbit.ly%2F1AKALoa""><img src=""http://a.fsdn.com/sd/twitter_icon_large.png""></a> <a class=""slashpop"" href=""http://www.facebook.com/sharer.php?u=http%3A%2F%2Fnews.slashdot.org%2Fstory%2F14%2F12%2F24%2F2115234%2Fapp-gives-you-free-ebooks-of-your-paperbacks-when-you-take-a-shelfie%3Futm_source%3Dslashdot%26utm_medium%3Dfacebook""><img src=""http://a.fsdn.com/sd/facebook_icon_large.png""></a> <a class=""nobg"" href=""http://plus.google.com/share?url=http://news.slashdot.org/story/14/12/24/2115234/app-gives-you-free-ebooks-of-your-paperbacks-when-you-take-a-shelfie?utm_source=slashdot&amp;utm_medium=googleplus"" onclick=""javascript:window.open(this.href,'', 'menubar=no,toolbar=no,resizable=yes,scrollbars=yes,height=600,width=600');return false;""><img src=""http://www.gstatic.com/images/icons/gplus-16.png"" alt=""Share on Google+""/></a> </div></p><p><a href=""http://news.slashdot.org/story/14/12/24/2115234/app-gives-you-free-ebooks-of-your-paperbacks-when-you-take-a-shelfie?utm_source=rss1.0moreanon&amp;utm_medium=feed"">Read more of this story</a> at Slashdot.</p><iframe src=""http://slashdot.org/slashdot-it.pl?op=discuss&amp;id=6506117&amp;smallembed=1"" style=""height: 300px; width: 100%; border: none;""></iframe><img width='1' height='1' src='http://slashdot.feedsportal.com/c/35028/f/647410/s/41c185c6/sc/4/mf.gif' border='0'/><br clear='all'/><br/><br/><a href=""http://da.feedsportal.com/r/216443199764/u/49/f/647410/c/35028/s/41c185c6/sc/4/rc/1/rc.htm"" rel=""nofollow""><img src=""http://da.feedsportal.com/r/216443199764/u/49/f/647410/c/35028/s/41c185c6/sc/4/rc/1/rc.img"" border=""0""/></a><br/><a href=""http://da.feedsportal.com/r/216443199764/u/49/f/647410/c/35028/s/41c185c6/sc/4/rc/2/rc.htm"" rel=""nofollow""><img src=""http://da.feedsportal.com/r/216443199764/u/49/f/647410/c/35028/s/41c185c6/sc/4/rc/2/rc.img"" border=""0""/></a><br/><a href=""http://da.feedsportal.com/r/216443199764/u/49/f/647410/c/35028/s/41c185c6/sc/4/rc/3/rc.htm"" rel=""nofollow""><img src=""http://da.feedsportal.com/r/216443199764/u/49/f/647410/c/35028/s/41c185c6/sc/4/rc/3/rc.img"" border=""0""/></a><br/><br/><a href=""http://da.feedsportal.com/r/216443199764/u/49/f/647410/c/35028/s/41c185c6/sc/4/a2.htm""><img src=""http://da.feedsportal.com/r/216443199764/u/49/f/647410/c/35028/s/41c185c6/sc/4/a2.img"" border=""0""/></a><img width=""1"" height=""1"" src=""http://pi.feedsportal.com/r/216443199764/u/49/f/647410/c/35028/s/41c185c6/sc/4/a2t.img"" border=""0""/><img src=""//feeds.feedburner.com/~r/Slashdot/slashdot/~4/EU5LkaDg624"" height=""1"" width=""1"" alt=""""/>"
"Both Beautiful and Disturbing, a New NASA Visualization Shows Carbon Dioxide Emissions Swirling Around the World (Discover Magazine)",http://news.feedzilla.com/en_us/stories/science/411589585?client_source=api&format=json,"The following is a guest post from Paul McDivitt, a second-year master’s
student studying journalism and mass communication research at the University
of Colorado-Boulder. He is taking a course in journalistic blogging from me
there. This is his second post at Discover. His first was at Keith Kloor's
Collide-a-Scape blog. Follow Paul on twitter @paulmcdivitt. In the wake of an
historic agreement between the United States and China to curb greenhouse gas
emissions, a new visualization from NAS

"
C.D.C. Ebola Error in Lab May Have Exposed Technician to Virus (NY Times),http://news.feedzilla.com/en_us/stories/science/411909914?client_source=api&format=json,"The agency said a lab had sent the wrong samples, possibly containing the live
virus instead of inactivated samples, to another lab down the hall.







"
Comet Q2 Lovejoy Set to Ring in the New Year: Reader Images and More (Universe Today),http://news.feedzilla.com/en_us/stories/science/411499459?client_source=api&format=json,"Keeping warm? Yesterday marked the start of astronomical winter for the
northern hemisphere, meaning long nights and (hopefully) clear, cold skies.
But we’ve also got another reason to brave the cold this week, as Comet C/2014
Q2 Lovejoy is set to put on a show for northern hemisphere observers.(...)Read
the rest of Comet Q2 Lovejoy […]

"
DARPA Wants Help Building a Drone That Flies Like a Hawk,http://rss.slashdot.org/~r/Slashdot/slashdot/~3/j6TljV_3F8g/story01.htm,"DillyTonto writes DARPA has put out a call for ideas on how to build a fast, autonomous, maneuverable UAV that can fly up to 45 mph, navigate without assistance from humans or GPS into and through buildings that are a labyrinth of stairwells, small rooms, narrow hallways and terrorists. DARPA wants this drone to fly like the bird in this awesome hawk POV video that shows it shooting through gaps narrow enough it has to tuck its wings to get through. If you can watch the video without thinking of the forest moon of Endor, there may be some movies you should watch over the holidays.<p><div class=""share_submission"" style=""position:relative;""> <a class=""slashpop"" href=""http://twitter.com/home?status=DARPA+Wants+Help+Building+a+Drone+That+Flies+Like+a+Hawk%3A+http%3A%2F%2Fbit.ly%2F1ALXFvd""><img src=""http://a.fsdn.com/sd/twitter_icon_large.png""></a> <a class=""slashpop"" href=""http://www.facebook.com/sharer.php?u=http%3A%2F%2Ftech.slashdot.org%2Fstory%2F14%2F12%2F25%2F043220%2Fdarpa-wants-help-building-a-drone-that-flies-like-a-hawk%3Futm_source%3Dslashdot%26utm_medium%3Dfacebook""><img src=""http://a.fsdn.com/sd/facebook_icon_large.png""></a> <a class=""nobg"" href=""http://plus.google.com/share?url=http://tech.slashdot.org/story/14/12/25/043220/darpa-wants-help-building-a-drone-that-flies-like-a-hawk?utm_source=slashdot&amp;utm_medium=googleplus"" onclick=""javascript:window.open(this.href,'', 'menubar=no,toolbar=no,resizable=yes,scrollbars=yes,height=600,width=600');return false;""><img src=""http://www.gstatic.com/images/icons/gplus-16.png"" alt=""Share on Google+""/></a> </div></p><p><a href=""http://tech.slashdot.org/story/14/12/25/043220/darpa-wants-help-building-a-drone-that-flies-like-a-hawk?utm_source=rss1.0moreanon&amp;utm_medium=feed"">Read more of this story</a> at Slashdot.</p><iframe src=""http://slashdot.org/slashdot-it.pl?op=discuss&amp;id=6509709&amp;smallembed=1"" style=""height: 300px; width: 100%; border: none;""></iframe><img width='1' height='1' src='http://slashdot.feedsportal.com/c/35028/f/647410/s/41c38495/sc/38/mf.gif' border='0'/><br clear='all'/><br/><br/><a href=""http://da.feedsportal.com/r/216443205745/u/49/f/647410/c/35028/s/41c38495/sc/38/rc/1/rc.htm"" rel=""nofollow""><img src=""http://da.feedsportal.com/r/216443205745/u/49/f/647410/c/35028/s/41c38495/sc/38/rc/1/rc.img"" border=""0""/></a><br/><a href=""http://da.feedsportal.com/r/216443205745/u/49/f/647410/c/35028/s/41c38495/sc/38/rc/2/rc.htm"" rel=""nofollow""><img src=""http://da.feedsportal.com/r/216443205745/u/49/f/647410/c/35028/s/41c38495/sc/38/rc/2/rc.img"" border=""0""/></a><br/><a href=""http://da.feedsportal.com/r/216443205745/u/49/f/647410/c/35028/s/41c38495/sc/38/rc/3/rc.htm"" rel=""nofollow""><img src=""http://da.feedsportal.com/r/216443205745/u/49/f/647410/c/35028/s/41c38495/sc/38/rc/3/rc.img"" border=""0""/></a><br/><br/><a href=""http://da.feedsportal.com/r/216443205745/u/49/f/647410/c/35028/s/41c38495/sc/38/a2.htm""><img src=""http://da.feedsportal.com/r/216443205745/u/49/f/647410/c/35028/s/41c38495/sc/38/a2.img"" border=""0""/></a><img width=""1"" height=""1"" src=""http://pi.feedsportal.com/r/216443205745/u/49/f/647410/c/35028/s/41c38495/sc/38/a2t.img"" border=""0""/><img src=""//feeds.feedburner.com/~r/Slashdot/slashdot/~4/j6TljV_3F8g"" height=""1"" width=""1"" alt=""""/>"
December Darkness Across the Universe (Discover Magazine),http://news.feedzilla.com/en_us/stories/science/411984569?client_source=api&format=json,"During the darkest days of December, it makes me feel better to think about
all the other, more profound darknesses out there in the universe. A little
dose of the old perspective, you know. And boy, there are a lot of them--not
just a lot of dark places, but a lot of different forms of darkness out there.
In fact, there's a lot more darkness than most of us realize, for an obvious
if easily overlooked reason: Space images are calibrated to highlight faint or
even invisible detail, making the un

"
Did North Korea Really Attack Sony?,http://rss.slashdot.org/~r/Slashdot/slashdot/~3/vrmiE58nvmY/story01.htm,"An anonymous reader writes ""Many security experts remain skeptical of North Korea's involvement in the recent Sony hacks. Schneier writes: ""Clues in the hackers' attack code seem to point in all directions at once. The FBI points to reused code from previous attacks associated with North Korea, as well as similarities in the networks used to launch the attacks. Korean language in the code also suggests a Korean origin, though not necessarily a North Korean one, since North Koreans use a unique dialect. However you read it, this sort of evidence is circumstantial at best. It's easy to fake, and it's even easier to interpret it incorrectly. In general, it's a situation that rapidly devolves into storytelling, where analysts pick bits and pieces of the ""evidence"" to suit the narrative they already have worked out in their heads.""""<p><div class=""share_submission"" style=""position:relative;""> <a class=""slashpop"" href=""http://twitter.com/home?status=Did+North+Korea+Really+Attack+Sony%3F%3A+http%3A%2F%2Fbit.ly%2F1CDs29t""><img src=""http://a.fsdn.com/sd/twitter_icon_large.png""></a> <a class=""slashpop"" href=""http://www.facebook.com/sharer.php?u=http%3A%2F%2Fit.slashdot.org%2Fstory%2F14%2F12%2F24%2F1757224%2Fdid-north-korea-really-attack-sony%3Futm_source%3Dslashdot%26utm_medium%3Dfacebook""><img src=""http://a.fsdn.com/sd/facebook_icon_large.png""></a> <a class=""nobg"" href=""http://plus.google.com/share?url=http://it.slashdot.org/story/14/12/24/1757224/did-north-korea-really-attack-sony?utm_source=slashdot&amp;utm_medium=googleplus"" onclick=""javascript:window.open(this.href,'', 'menubar=no,toolbar=no,resizable=yes,scrollbars=yes,height=600,width=600');return false;""><img src=""http://www.gstatic.com/images/icons/gplus-16.png"" alt=""Share on Google+""/></a> </div></p><p><a href=""http://it.slashdot.org/story/14/12/24/1757224/did-north-korea-really-attack-sony?utm_source=rss1.0moreanon&amp;utm_medium=feed"">Read more of this story</a> at Slashdot.</p><iframe src=""http://slashdot.org/slashdot-it.pl?op=discuss&amp;id=6504207&amp;smallembed=1"" style=""height: 300px; width: 100%; border: none;""></iframe><img width='1' height='1' src='http://slashdot.feedsportal.com/c/35028/f/647410/s/41c19a6b/sc/21/mf.gif' border='0'/><br clear='all'/><br/><br/><a href=""http://da.feedsportal.com/r/216443249652/u/49/f/647410/c/35028/s/41c19a6b/sc/21/rc/1/rc.htm"" rel=""nofollow""><img src=""http://da.feedsportal.com/r/216443249652/u/49/f/647410/c/35028/s/41c19a6b/sc/21/rc/1/rc.img"" border=""0""/></a><br/><a href=""http://da.feedsportal.com/r/216443249652/u/49/f/647410/c/35028/s/41c19a6b/sc/21/rc/2/rc.htm"" rel=""nofollow""><img src=""http://da.feedsportal.com/r/216443249652/u/49/f/647410/c/35028/s/41c19a6b/sc/21/rc/2/rc.img"" border=""0""/></a><br/><a href=""http://da.feedsportal.com/r/216443249652/u/49/f/647410/c/35028/s/41c19a6b/sc/21/rc/3/rc.htm"" rel=""nofollow""><img src=""http://da.feedsportal.com/r/216443249652/u/49/f/647410/c/35028/s/41c19a6b/sc/21/rc/3/rc.img"" border=""0""/></a><br/><br/><a href=""http://da.feedsportal.com/r/216443249652/u/49/f/647410/c/35028/s/41c19a6b/sc/21/a2.htm""><img src=""http://da.feedsportal.com/r/216443249652/u/49/f/647410/c/35028/s/41c19a6b/sc/21/a2.img"" border=""0""/></a><img width=""1"" height=""1"" src=""http://pi.feedsportal.com/r/216443249652/u/49/f/647410/c/35028/s/41c19a6b/sc/21/a2t.img"" border=""0""/><img src=""//feeds.feedburner.com/~r/Slashdot/slashdot/~4/vrmiE58nvmY"" height=""1"" width=""1"" alt=""""/>"
Dogs Dressed as Santa (You're Welcome) (Discovery),http://news.feedzilla.com/en_us/stories/science/411987947?client_source=api&format=json,"These furry little Saint Nicks love attention and don't mind wearing funny
hats to see that they get it.

"
Google Motion Denied In Lawsuit Against Mississippi Attorney General,http://rss.slashdot.org/~r/Slashdot/slashdot/~3/4REJSIyMA3w/story01.htm,"An anonymous reader points out that a judge has called a time-out on a case between Google and Mississippi Attorney General Jim Hood. ""A federal judge has denied Google's motion to block enforcement of a subpoena issued by Mississippi Attorney General Jim Hood that seeks information from Google about parts of its operations, including information about advertising for imported prescription drugs. Federal court records also show U.S. District Judge Henry T. Wingate put Google's response to the subpoena on hold until after the new year. Wingate scheduled a Feb. 13 hearing for further discussions on Google's motion. He asked attorneys for both sides to file new briefs in January.""<p><div class=""share_submission"" style=""position:relative;""> <a class=""slashpop"" href=""http://twitter.com/home?status=Google+Motion+Denied+In+Lawsuit+Against+Mississippi+Attorney+General%3A+http%3A%2F%2Fbit.ly%2F1wGEDoW""><img src=""http://a.fsdn.com/sd/twitter_icon_large.png""></a> <a class=""slashpop"" href=""http://www.facebook.com/sharer.php?u=http%3A%2F%2Ftech.slashdot.org%2Fstory%2F14%2F12%2F24%2F1843215%2Fgoogle-motion-denied-in-lawsuit-against-mississippi-attorney-general%3Futm_source%3Dslashdot%26utm_medium%3Dfacebook""><img src=""http://a.fsdn.com/sd/facebook_icon_large.png""></a> <a class=""nobg"" href=""http://plus.google.com/share?url=http://tech.slashdot.org/story/14/12/24/1843215/google-motion-denied-in-lawsuit-against-mississippi-attorney-general?utm_source=slashdot&amp;utm_medium=googleplus"" onclick=""javascript:window.open(this.href,'', 'menubar=no,toolbar=no,resizable=yes,scrollbars=yes,height=600,width=600');return false;""><img src=""http://www.gstatic.com/images/icons/gplus-16.png"" alt=""Share on Google+""/></a> </div></p><p><a href=""http://tech.slashdot.org/story/14/12/24/1843215/google-motion-denied-in-lawsuit-against-mississippi-attorney-general?utm_source=rss1.0moreanon&amp;utm_medium=feed"">Read more of this story</a> at Slashdot.</p><iframe src=""http://slashdot.org/slashdot-it.pl?op=discuss&amp;id=6504765&amp;smallembed=1"" style=""height: 300px; width: 100%; border: none;""></iframe><img width='1' height='1' src='http://slashdot.feedsportal.com/c/35028/f/647410/s/41c151e1/sc/1/mf.gif' border='0'/><br clear='all'/><br/><br/><a href=""http://da.feedsportal.com/r/216443196097/u/49/f/647410/c/35028/s/41c151e1/sc/1/rc/1/rc.htm"" rel=""nofollow""><img src=""http://da.feedsportal.com/r/216443196097/u/49/f/647410/c/35028/s/41c151e1/sc/1/rc/1/rc.img"" border=""0""/></a><br/><a href=""http://da.feedsportal.com/r/216443196097/u/49/f/647410/c/35028/s/41c151e1/sc/1/rc/2/rc.htm"" rel=""nofollow""><img src=""http://da.feedsportal.com/r/216443196097/u/49/f/647410/c/35028/s/41c151e1/sc/1/rc/2/rc.img"" border=""0""/></a><br/><a href=""http://da.feedsportal.com/r/216443196097/u/49/f/647410/c/35028/s/41c151e1/sc/1/rc/3/rc.htm"" rel=""nofollow""><img src=""http://da.feedsportal.com/r/216443196097/u/49/f/647410/c/35028/s/41c151e1/sc/1/rc/3/rc.img"" border=""0""/></a><br/><br/><a href=""http://da.feedsportal.com/r/216443196097/u/49/f/647410/c/35028/s/41c151e1/sc/1/a2.htm""><img src=""http://da.feedsportal.com/r/216443196097/u/49/f/647410/c/35028/s/41c151e1/sc/1/a2.img"" border=""0""/></a><img width=""1"" height=""1"" src=""http://pi.feedsportal.com/r/216443196097/u/49/f/647410/c/35028/s/41c151e1/sc/1/a2t.img"" border=""0""/><img src=""//feeds.feedburner.com/~r/Slashdot/slashdot/~4/4REJSIyMA3w"" height=""1"" width=""1"" alt=""""/>"
How Laws Restricting Tech Actually Expose Us To Greater Harm,http://rss.slashdot.org/~r/Slashdot/slashdot/~3/suJ2TVzixp0/story01.htm,"An anonymous reader writes: Cory Doctorow has an article in Wired explaining why crafting laws to restrict software is going to hurt us in the long run. The reason? Because we're on an irreversible trajectory toward integrating technology with our cars and houses, bodies and brains. If we don't control the software, then at some point, we won't control parts of our homes and our selves. Doctorow writes, ""Any law or regulation that undermines computers' utility or security also ripples through all the systems that have been colonized by the general-purpose computer. And therein lies the potential for untold trouble and mischief. Code always has flaws, and those flaws are easy for bad guys to find. But if your computer has deliberately been designed with a blind spot, the bad guys will use it to evade detection by you and your antivirus software. That's why a 3-D printer with anti-gun-printing code isn't a 3-D printer that won't print guns&mdash;the bad guys will quickly find a way around that. It's a 3-D printer that is vulnerable to hacking by malware creeps who can use your printer's 'security' against you: from bricking your printer to screwing up your prints to introducing subtle structural flaws to simply hijacking the operating system and using it to stage attacks on your whole network.""<p><div class=""share_submission"" style=""position:relative;""> <a class=""slashpop"" href=""http://twitter.com/home?status=How+Laws+Restricting+Tech+Actually+Expose+Us+To+Greater+Harm%3A+http%3A%2F%2Fbit.ly%2F1B5LAiy""><img src=""http://a.fsdn.com/sd/twitter_icon_large.png""></a> <a class=""slashpop"" href=""http://www.facebook.com/sharer.php?u=http%3A%2F%2Fhardware.slashdot.org%2Fstory%2F14%2F12%2F24%2F1434210%2Fhow-laws-restricting-tech-actually-expose-us-to-greater-harm%3Futm_source%3Dslashdot%26utm_medium%3Dfacebook""><img src=""http://a.fsdn.com/sd/facebook_icon_large.png""></a> <a class=""nobg"" href=""http://plus.google.com/share?url=http://hardware.slashdot.org/story/14/12/24/1434210/how-laws-restricting-tech-actually-expose-us-to-greater-harm?utm_source=slashdot&amp;utm_medium=googleplus"" onclick=""javascript:window.open(this.href,'', 'menubar=no,toolbar=no,resizable=yes,scrollbars=yes,height=600,width=600');return false;""><img src=""http://www.gstatic.com/images/icons/gplus-16.png"" alt=""Share on Google+""/></a> </div></p><p><a href=""http://hardware.slashdot.org/story/14/12/24/1434210/how-laws-restricting-tech-actually-expose-us-to-greater-harm?utm_source=rss1.0moreanon&amp;utm_medium=feed"">Read more of this story</a> at Slashdot.</p><iframe src=""http://slashdot.org/slashdot-it.pl?op=discuss&amp;id=6501219&amp;smallembed=1"" style=""height: 300px; width: 100%; border: none;""></iframe><img width='1' height='1' src='http://slashdot.feedsportal.com/c/35028/f/647410/s/41c24df9/sc/21/mf.gif' border='0'/><br clear='all'/><img src=""//feeds.feedburner.com/~r/Slashdot/slashdot/~4/suJ2TVzixp0"" height=""1"" width=""1"" alt=""""/>"
How Laws Restricting Tech Actually Expose Us To Greater Harm,http://rss.slashdot.org/~r/Slashdot/slashdot/~3/p09HuVBSVxU/story01.htm,"An anonymous reader writes: Cory Doctorow has an article in Wired explaining why crafting laws to restrict software is going to hurt us in the long run. The reason? Because we're on an irreversible trajectory toward integrating technology with our cars and houses, bodies and brains. If we don't control the software, then at some point, we won't control parts of our homes and our selves. Doctorow writes, ""Any law or regulation that undermines computers' utility or security also ripples through all the systems that have been colonized by the general-purpose computer. And therein lies the potential for untold trouble and mischief. Code always has flaws, and those flaws are easy for bad guys to find. But if your computer has deliberately been designed with a blind spot, the bad guys will use it to evade detection by you and your antivirus software. That's why a 3-D printer with anti-gun-printing code isn't a 3-D printer that won't print guns&mdash;the bad guys will quickly find a way around that. It's a 3-D printer that is vulnerable to hacking by malware creeps who can use your printer's 'security' against you: from bricking your printer to screwing up your prints to introducing subtle structural flaws to simply hijacking the operating system and using it to stage attacks on your whole network.""<p><div class=""share_submission"" style=""position:relative;""> <a class=""slashpop"" href=""http://twitter.com/home?status=How+Laws+Restricting+Tech+Actually+Expose+Us+To+Greater+Harm%3A+http%3A%2F%2Fbit.ly%2F1B5LAiy""><img src=""http://a.fsdn.com/sd/twitter_icon_large.png""></a> <a class=""slashpop"" href=""http://www.facebook.com/sharer.php?u=http%3A%2F%2Fyro.slashdot.org%2Fstory%2F14%2F12%2F24%2F1434210%2Fhow-laws-restricting-tech-actually-expose-us-to-greater-harm%3Futm_source%3Dslashdot%26utm_medium%3Dfacebook""><img src=""http://a.fsdn.com/sd/facebook_icon_large.png""></a> <a class=""nobg"" href=""http://plus.google.com/share?url=http://yro.slashdot.org/story/14/12/24/1434210/how-laws-restricting-tech-actually-expose-us-to-greater-harm?utm_source=slashdot&amp;utm_medium=googleplus"" onclick=""javascript:window.open(this.href,'', 'menubar=no,toolbar=no,resizable=yes,scrollbars=yes,height=600,width=600');return false;""><img src=""http://www.gstatic.com/images/icons/gplus-16.png"" alt=""Share on Google+""/></a> </div></p><p><a href=""http://yro.slashdot.org/story/14/12/24/1434210/how-laws-restricting-tech-actually-expose-us-to-greater-harm?utm_source=rss1.0moreanon&amp;utm_medium=feed"">Read more of this story</a> at Slashdot.</p><iframe src=""http://slashdot.org/slashdot-it.pl?op=discuss&amp;id=6501219&amp;smallembed=1"" style=""height: 300px; width: 100%; border: none;""></iframe><img width='1' height='1' src='http://slashdot.feedsportal.com/c/35028/f/647410/s/41c03bfd/sc/4/mf.gif' border='0'/><br clear='all'/><br/><br/><a href=""http://da.feedsportal.com/r/216443197588/u/49/f/647410/c/35028/s/41c03bfd/sc/4/rc/1/rc.htm"" rel=""nofollow""><img src=""http://da.feedsportal.com/r/216443197588/u/49/f/647410/c/35028/s/41c03bfd/sc/4/rc/1/rc.img"" border=""0""/></a><br/><a href=""http://da.feedsportal.com/r/216443197588/u/49/f/647410/c/35028/s/41c03bfd/sc/4/rc/2/rc.htm"" rel=""nofollow""><img src=""http://da.feedsportal.com/r/216443197588/u/49/f/647410/c/35028/s/41c03bfd/sc/4/rc/2/rc.img"" border=""0""/></a><br/><a href=""http://da.feedsportal.com/r/216443197588/u/49/f/647410/c/35028/s/41c03bfd/sc/4/rc/3/rc.htm"" rel=""nofollow""><img src=""http://da.feedsportal.com/r/216443197588/u/49/f/647410/c/35028/s/41c03bfd/sc/4/rc/3/rc.img"" border=""0""/></a><br/><br/><a href=""http://da.feedsportal.com/r/216443197588/u/49/f/647410/c/35028/s/41c03bfd/sc/4/a2.htm""><img src=""http://da.feedsportal.com/r/216443197588/u/49/f/647410/c/35028/s/41c03bfd/sc/4/a2.img"" border=""0""/></a><img width=""1"" height=""1"" src=""http://pi.feedsportal.com/r/216443197588/u/49/f/647410/c/35028/s/41c03bfd/sc/4/a2t.img"" border=""0""/><img src=""//feeds.feedburner.com/~r/Slashdot/slashdot/~4/p09HuVBSVxU"" height=""1"" width=""1"" alt=""""/>"
How to Beat Winter Blues and Seasonal Affective Disorder (SAD) (Scientific American),http://news.feedzilla.com/en_us/stories/science/411839679?client_source=api&format=json,"When all that's left of the fa-la-la-la-las is rock-hard fruitcake, the winter
blahs creep up, settle in, and hang around until spring. Dr. Ellen Hendriksen,
the Savvy Psychologist, has 8 tips...


-- Read more on ScientificAmerican.com

"
Human Eye's Oscillation Rate Determines Smooth Frame Rate,http://rss.slashdot.org/~r/Slashdot/slashdot/~3/e0eYHPqCLSE/story01.htm,"jones_supa writes: It should be safe to conclude that humans can see frame rates greater than 24 fps. The next question is: why do movies at 48 fps look ""video-y,"" and why do movies at 24 fps look ""dreamy"" and ""cinematic."" Why are games more realistic at 60 fps than 30 fps? Simon Cooke from Microsoft (Xbox) Advanced Technology Group has an interesting theory to explain this all. Your eyes oscillate a tiny amount, ranging from 70 to 103 Hz (on average 83.68 Hz). So here's the hypothesis: The ocular microtremors wiggle the retina, allowing it to sample at approximately 2x the resolution of the sensors. Showing someone pictures that vary at less than half the rate of the oscillation means we're no longer receiving a signal that changes fast enough to allow the supersampling operation to happen. So we're throwing away a lot of perceived-motion data, and a lot of detail as well. Some of the detail can be restored with temporal antialiasing and simulating real noise, but ideally Cooke suggests going with a high enough frame rate (over 43 fps) and if possible, a high resolution.<p><div class=""share_submission"" style=""position:relative;""> <a class=""slashpop"" href=""http://twitter.com/home?status=Human+Eye's+Oscillation+Rate+Determines+Smooth+Frame+Rate%3A+http%3A%2F%2Fbit.ly%2F1A4Jd1u""><img src=""http://a.fsdn.com/sd/twitter_icon_large.png""></a> <a class=""slashpop"" href=""http://www.facebook.com/sharer.php?u=http%3A%2F%2Ftech.slashdot.org%2Fstory%2F14%2F12%2F24%2F1415207%2Fhuman-eyes-oscillation-rate-determines-smooth-frame-rate%3Futm_source%3Dslashdot%26utm_medium%3Dfacebook""><img src=""http://a.fsdn.com/sd/facebook_icon_large.png""></a> <a class=""nobg"" href=""http://plus.google.com/share?url=http://tech.slashdot.org/story/14/12/24/1415207/human-eyes-oscillation-rate-determines-smooth-frame-rate?utm_source=slashdot&amp;utm_medium=googleplus"" onclick=""javascript:window.open(this.href,'', 'menubar=no,toolbar=no,resizable=yes,scrollbars=yes,height=600,width=600');return false;""><img src=""http://www.gstatic.com/images/icons/gplus-16.png"" alt=""Share on Google+""/></a> </div></p><p><a href=""http://tech.slashdot.org/story/14/12/24/1415207/human-eyes-oscillation-rate-determines-smooth-frame-rate?utm_source=rss1.0moreanon&amp;utm_medium=feed"">Read more of this story</a> at Slashdot.</p><iframe src=""http://slashdot.org/slashdot-it.pl?op=discuss&amp;id=6500981&amp;smallembed=1"" style=""height: 300px; width: 100%; border: none;""></iframe><img width='1' height='1' src='http://slashdot.feedsportal.com/c/35028/f/647410/s/41bfe3f2/sc/28/mf.gif' border='0'/><br clear='all'/><br/><br/><a href=""http://da.feedsportal.com/r/216443243850/u/49/f/647410/c/35028/s/41bfe3f2/sc/28/rc/1/rc.htm"" rel=""nofollow""><img src=""http://da.feedsportal.com/r/216443243850/u/49/f/647410/c/35028/s/41bfe3f2/sc/28/rc/1/rc.img"" border=""0""/></a><br/><a href=""http://da.feedsportal.com/r/216443243850/u/49/f/647410/c/35028/s/41bfe3f2/sc/28/rc/2/rc.htm"" rel=""nofollow""><img src=""http://da.feedsportal.com/r/216443243850/u/49/f/647410/c/35028/s/41bfe3f2/sc/28/rc/2/rc.img"" border=""0""/></a><br/><a href=""http://da.feedsportal.com/r/216443243850/u/49/f/647410/c/35028/s/41bfe3f2/sc/28/rc/3/rc.htm"" rel=""nofollow""><img src=""http://da.feedsportal.com/r/216443243850/u/49/f/647410/c/35028/s/41bfe3f2/sc/28/rc/3/rc.img"" border=""0""/></a><br/><br/><a href=""http://da.feedsportal.com/r/216443243850/u/49/f/647410/c/35028/s/41bfe3f2/sc/28/a2.htm""><img src=""http://da.feedsportal.com/r/216443243850/u/49/f/647410/c/35028/s/41bfe3f2/sc/28/a2.img"" border=""0""/></a><img width=""1"" height=""1"" src=""http://pi.feedsportal.com/r/216443243850/u/49/f/647410/c/35028/s/41bfe3f2/sc/28/a2t.img"" border=""0""/><img src=""//feeds.feedburner.com/~r/Slashdot/slashdot/~4/e0eYHPqCLSE"" height=""1"" width=""1"" alt=""""/>"
North Korean Defector Spills Details On the Country's Elite Hacking Force,http://rss.slashdot.org/~r/Slashdot/slashdot/~3/ciH7X2gnC8k/story01.htm,"mattydread23 writes Business Insider interviewed Jang Se-yul, a North Korean defector who trained in the country's Mirim University alongside some of the hackers who make up its elite Bureau 121 hacking squad. He explains how they train: 'They take six 90-minute classes every day, learning different coding languages and operating systems, from C to Linux. Jang says a lot of time was spent dissecting Microsoft programs, like the Windows operating system, and how to attack the overall computer IT systems of enemy countries like the U.S. or South Korea.' He also explains that these hackers are among the elite in North Korea, and even though they have unfiltered information about the outside world that their countrymen lack, most of them would never dream of leaving. (See also this story from earlier this month about the life of North Korea's elite hackers.)<p><div class=""share_submission"" style=""position:relative;""> <a class=""slashpop"" href=""http://twitter.com/home?status=North+Korean+Defector+Spills+Details+On+the+Country's+Elite+Hacking+Force%3A+http%3A%2F%2Fbit.ly%2F1GZJPYa""><img src=""http://a.fsdn.com/sd/twitter_icon_large.png""></a> <a class=""slashpop"" href=""http://www.facebook.com/sharer.php?u=http%3A%2F%2Fpolitics.slashdot.org%2Fstory%2F14%2F12%2F25%2F024229%2Fnorth-korean-defector-spills-details-on-the-countrys-elite-hacking-force%3Futm_source%3Dslashdot%26utm_medium%3Dfacebook""><img src=""http://a.fsdn.com/sd/facebook_icon_large.png""></a> <a class=""nobg"" href=""http://plus.google.com/share?url=http://politics.slashdot.org/story/14/12/25/024229/north-korean-defector-spills-details-on-the-countrys-elite-hacking-force?utm_source=slashdot&amp;utm_medium=googleplus"" onclick=""javascript:window.open(this.href,'', 'menubar=no,toolbar=no,resizable=yes,scrollbars=yes,height=600,width=600');return false;""><img src=""http://www.gstatic.com/images/icons/gplus-16.png"" alt=""Share on Google+""/></a> </div></p><p><a href=""http://politics.slashdot.org/story/14/12/25/024229/north-korean-defector-spills-details-on-the-countrys-elite-hacking-force?utm_source=rss1.0moreanon&amp;utm_medium=feed"">Read more of this story</a> at Slashdot.</p><iframe src=""http://slashdot.org/slashdot-it.pl?op=discuss&amp;id=6508629&amp;smallembed=1"" style=""height: 300px; width: 100%; border: none;""></iframe><img width='1' height='1' src='http://slashdot.feedsportal.com/c/35028/f/647410/s/41c46fbe/sc/1/mf.gif' border='0'/><br clear='all'/><br/><br/><a href=""http://da.feedsportal.com/r/216443255603/u/49/f/647410/c/35028/s/41c46fbe/sc/1/rc/1/rc.htm"" rel=""nofollow""><img src=""http://da.feedsportal.com/r/216443255603/u/49/f/647410/c/35028/s/41c46fbe/sc/1/rc/1/rc.img"" border=""0""/></a><br/><a href=""http://da.feedsportal.com/r/216443255603/u/49/f/647410/c/35028/s/41c46fbe/sc/1/rc/2/rc.htm"" rel=""nofollow""><img src=""http://da.feedsportal.com/r/216443255603/u/49/f/647410/c/35028/s/41c46fbe/sc/1/rc/2/rc.img"" border=""0""/></a><br/><a href=""http://da.feedsportal.com/r/216443255603/u/49/f/647410/c/35028/s/41c46fbe/sc/1/rc/3/rc.htm"" rel=""nofollow""><img src=""http://da.feedsportal.com/r/216443255603/u/49/f/647410/c/35028/s/41c46fbe/sc/1/rc/3/rc.img"" border=""0""/></a><br/><br/><a href=""http://da.feedsportal.com/r/216443255603/u/49/f/647410/c/35028/s/41c46fbe/sc/1/a2.htm""><img src=""http://da.feedsportal.com/r/216443255603/u/49/f/647410/c/35028/s/41c46fbe/sc/1/a2.img"" border=""0""/></a><img width=""1"" height=""1"" src=""http://pi.feedsportal.com/r/216443255603/u/49/f/647410/c/35028/s/41c46fbe/sc/1/a2t.img"" border=""0""/><img src=""//feeds.feedburner.com/~r/Slashdot/slashdot/~4/ciH7X2gnC8k"" height=""1"" width=""1"" alt=""""/>"
Obama Administration to Investigate Insurers for Bias Against Costly Conditions (bioethicscom),http://news.feedzilla.com/en_us/stories/science/411515456?client_source=api&format=json,"(New York Times) - The Obama administration said Monday that it would
investigate prescription drug coverage and other benefits offered by health
insurance companies to see if they discriminated against people with AIDS,
mental illness, diabetes or other costly chronic … Read More

"
Reconstituted dehydrogenation catalyst showing slowed activity loss when compared with fresh catalyst (Fresh Patents),http://news.feedzilla.com/en_us/stories/science/411498454?client_source=api&format=json,"A process for dehydrogenating alkane or alkylaromatic compounds comprising
contacting the given compound and a dehydrogenation catalyst in a fluidized
bed. The dehydrogenation catalyst is prepared from an at least partially
deactivated platinum/gallium catalyst on an alumina-based support that is
reconstituted by impregnating it with a platinum salt solution, then...

"
Record-Breaking Nanowire Transistors (pubs.acs),http://news.feedzilla.com/en_us/stories/science/411553001?client_source=api&format=json,"Electronics: Transistors made from gallium arsenide nanowires shatter previous
speed records, demonstrating that the materials could provide an alternative
to silicon

"
"Russian Hackers Stole Millions From Banks, ATMs",http://rss.slashdot.org/~r/Slashdot/slashdot/~3/aZebu5qj7M8/story01.htm,"An anonymous reader writes Tens of millions of dollars, credit cards and intellectual property stolen by a new group of cyber criminals. Group-IB and Fox-IT, in a joint research effort, released a report about the Anunak hackers group. This group has been involved in targeted attacks and espionage since 2013. Anunak targets banks and payments systems in Russia and CIS countries. In Europe, USA and Latin America criminals were mainly focusing on retail networks as well as mass media resources. Anunak is unique in the fact that it aims to target banks and e-payment systems. The goal is to get into bank networks and gain access to secured payment systems. As a result, the money is stolen not from the customers, but from the bank itself. If they manage to infect governmental networks, they use the infrastructure for espionage.<p><div class=""share_submission"" style=""position:relative;""> <a class=""slashpop"" href=""http://twitter.com/home?status=Russian+Hackers+Stole+Millions+From+Banks%2C+ATMs%3A+http%3A%2F%2Fbit.ly%2F1CMYZgR""><img src=""http://a.fsdn.com/sd/twitter_icon_large.png""></a> <a class=""slashpop"" href=""http://www.facebook.com/sharer.php?u=http%3A%2F%2Fyro.slashdot.org%2Fstory%2F14%2F12%2F25%2F0340259%2Frussian-hackers-stole-millions-from-banks-atms%3Futm_source%3Dslashdot%26utm_medium%3Dfacebook""><img src=""http://a.fsdn.com/sd/facebook_icon_large.png""></a> <a class=""nobg"" href=""http://plus.google.com/share?url=http://yro.slashdot.org/story/14/12/25/0340259/russian-hackers-stole-millions-from-banks-atms?utm_source=slashdot&amp;utm_medium=googleplus"" onclick=""javascript:window.open(this.href,'', 'menubar=no,toolbar=no,resizable=yes,scrollbars=yes,height=600,width=600');return false;""><img src=""http://www.gstatic.com/images/icons/gplus-16.png"" alt=""Share on Google+""/></a> </div></p><p><a href=""http://yro.slashdot.org/story/14/12/25/0340259/russian-hackers-stole-millions-from-banks-atms?utm_source=rss1.0moreanon&amp;utm_medium=feed"">Read more of this story</a> at Slashdot.</p><iframe src=""http://slashdot.org/slashdot-it.pl?op=discuss&amp;id=6509573&amp;smallembed=1"" style=""height: 300px; width: 100%; border: none;""></iframe><img width='1' height='1' src='http://slashdot.feedsportal.com/c/35028/f/647410/s/41c22a92/sc/46/mf.gif' border='0'/><br clear='all'/><br/><br/><a href=""http://da.feedsportal.com/r/216443205588/u/49/f/647410/c/35028/s/41c22a92/sc/46/rc/1/rc.htm"" rel=""nofollow""><img src=""http://da.feedsportal.com/r/216443205588/u/49/f/647410/c/35028/s/41c22a92/sc/46/rc/1/rc.img"" border=""0""/></a><br/><a href=""http://da.feedsportal.com/r/216443205588/u/49/f/647410/c/35028/s/41c22a92/sc/46/rc/2/rc.htm"" rel=""nofollow""><img src=""http://da.feedsportal.com/r/216443205588/u/49/f/647410/c/35028/s/41c22a92/sc/46/rc/2/rc.img"" border=""0""/></a><br/><a href=""http://da.feedsportal.com/r/216443205588/u/49/f/647410/c/35028/s/41c22a92/sc/46/rc/3/rc.htm"" rel=""nofollow""><img src=""http://da.feedsportal.com/r/216443205588/u/49/f/647410/c/35028/s/41c22a92/sc/46/rc/3/rc.img"" border=""0""/></a><br/><br/><a href=""http://da.feedsportal.com/r/216443205588/u/49/f/647410/c/35028/s/41c22a92/sc/46/a2.htm""><img src=""http://da.feedsportal.com/r/216443205588/u/49/f/647410/c/35028/s/41c22a92/sc/46/a2.img"" border=""0""/></a><img width=""1"" height=""1"" src=""http://pi.feedsportal.com/r/216443205588/u/49/f/647410/c/35028/s/41c22a92/sc/46/a2t.img"" border=""0""/><img src=""//feeds.feedburner.com/~r/Slashdot/slashdot/~4/aZebu5qj7M8"" height=""1"" width=""1"" alt=""""/>"
Samsung Galaxy Note Edge Review,http://rss.slashdot.org/~r/Slashdot/slashdot/~3/5o3LaAMJC_A/story01.htm,"MojoKid writes Differentiation is difficult in the smartphone market these days. Larger screens, faster processors, additional sensors and higher resolution cameras, all are nice upgrades but are only iterative, especially when you consider the deluge of products that come to market. True innovation is coming along with less frequency and Samsung, more so perhaps than some other players, is guilty of punching out so many different phone models that it's hard not to gloss over new releases. However, the new Samsung Galaxy Note Edge may offer something truly useful and innovative with its supplementary 160 pixel curved edge display. The Note Edge is based on the same internal platform as the Galaxy Note 4, and features a 2.7GHz Qualcomm Snapdragon 805 SoC with Adreno 420 graphics and 3GB of RAM. What makes the Galaxy Note Edge so different from virtually all other smartphones on the market is its curved edge display and what Samsung calls its ""revolving UI"" that offers app shortcuts, status updates, data feeds and features all on its own, but integrated with the rest of the UI on the primary display. You can cycle through various ""edge panels"" as Samsung calls them, like shortcuts to your favorite apps, a Twitter ticker, news feeds, and a tools panel for quick access to the alarm clock, stop-watch, a flashlight app, audio recorder and even a digital ruler. The Galaxy Note Edge may not be for everyone, but Samsung actually took curved display technology and built something useful out of it.""<p><div class=""share_submission"" style=""position:relative;""> <a class=""slashpop"" href=""http://twitter.com/home?status=Samsung+Galaxy+Note+Edge+Review%3A+http%3A%2F%2Fbit.ly%2F13wKt01""><img src=""http://a.fsdn.com/sd/twitter_icon_large.png""></a> <a class=""slashpop"" href=""http://www.facebook.com/sharer.php?u=http%3A%2F%2Fmobile.slashdot.org%2Fstory%2F14%2F12%2F24%2F218209%2Fsamsung-galaxy-note-edge-review%3Futm_source%3Dslashdot%26utm_medium%3Dfacebook""><img src=""http://a.fsdn.com/sd/facebook_icon_large.png""></a> <a class=""nobg"" href=""http://plus.google.com/share?url=http://mobile.slashdot.org/story/14/12/24/218209/samsung-galaxy-note-edge-review?utm_source=slashdot&amp;utm_medium=googleplus"" onclick=""javascript:window.open(this.href,'', 'menubar=no,toolbar=no,resizable=yes,scrollbars=yes,height=600,width=600');return false;""><img src=""http://www.gstatic.com/images/icons/gplus-16.png"" alt=""Share on Google+""/></a> </div></p><p><a href=""http://mobile.slashdot.org/story/14/12/24/218209/samsung-galaxy-note-edge-review?utm_source=rss1.0moreanon&amp;utm_medium=feed"">Read more of this story</a> at Slashdot.</p><iframe src=""http://slashdot.org/slashdot-it.pl?op=discuss&amp;id=6506051&amp;smallembed=1"" style=""height: 300px; width: 100%; border: none;""></iframe><img width='1' height='1' src='http://slashdot.feedsportal.com/c/35028/f/647410/s/41c1b616/sc/28/mf.gif' border='0'/><br clear='all'/><br/><br/><a href=""http://da.feedsportal.com/r/216443243714/u/49/f/647410/c/35028/s/41c1b616/sc/28/rc/1/rc.htm"" rel=""nofollow""><img src=""http://da.feedsportal.com/r/216443243714/u/49/f/647410/c/35028/s/41c1b616/sc/28/rc/1/rc.img"" border=""0""/></a><br/><a href=""http://da.feedsportal.com/r/216443243714/u/49/f/647410/c/35028/s/41c1b616/sc/28/rc/2/rc.htm"" rel=""nofollow""><img src=""http://da.feedsportal.com/r/216443243714/u/49/f/647410/c/35028/s/41c1b616/sc/28/rc/2/rc.img"" border=""0""/></a><br/><a href=""http://da.feedsportal.com/r/216443243714/u/49/f/647410/c/35028/s/41c1b616/sc/28/rc/3/rc.htm"" rel=""nofollow""><img src=""http://da.feedsportal.com/r/216443243714/u/49/f/647410/c/35028/s/41c1b616/sc/28/rc/3/rc.img"" border=""0""/></a><br/><br/><a href=""http://da.feedsportal.com/r/216443243714/u/49/f/647410/c/35028/s/41c1b616/sc/28/a2.htm""><img src=""http://da.feedsportal.com/r/216443243714/u/49/f/647410/c/35028/s/41c1b616/sc/28/a2.img"" border=""0""/></a><img width=""1"" height=""1"" src=""http://pi.feedsportal.com/r/216443243714/u/49/f/647410/c/35028/s/41c1b616/sc/28/a2t.img"" border=""0""/><img src=""//feeds.feedburner.com/~r/Slashdot/slashdot/~4/5o3LaAMJC_A"" height=""1"" width=""1"" alt=""""/>"
Santa Traditions Around the World (Scientific American),http://news.feedzilla.com/en_us/stories/science/411883082?client_source=api&format=json,"Earlier this week, I shared a link on Twitter to a piece on Brain Pickings on
how anthropologist Margaret Mead suggested we talk to children about Santa
Claus: Belief in Santa Claus becomes a problem...


-- Read more on ScientificAmerican.com

"
Scientists Say the Future Looks Bleak For Our Bones,http://rss.slashdot.org/~r/Slashdot/slashdot/~3/0yyd1v01jt0/story01.htm,"HughPickens.com writes Nicholas St. Fluer reports at The Atlantic that according to researchers, our convenient, sedentary way of life is making our bones weak foretelling a future with increasing fractures, breaks, and osteoporosis. For thousands of years, hunter-gatherers trekked on strenuous ventures for food with dense skeletons supporting their movements and a new study pinpoints the origin of weaker bones at the beginning of the Holocene epoch roughly 12,000 years ago, when humans began adopting agriculture. ""Modern human skeletons have shifted quite recently towards lighter&mdash;more fragile, if you like&mdash;bodies. It started when we adopted agriculture. Our diets changed. Our levels of activity changed,"" says Habiba Chirchir. A second study attributes joint bone weakness to different levels of physical activity in ancient human societies, also related to hunting versus farming. The team scanned circular cross-sections of seven bones in the upper and lower limb joints in chimpanzees, Bornean orangutans and baboons. They also scanned the same bones in modern and early modern humans as well as Neanderthals, Paranthropus robustus, Australopithecus africanus and other Australopithecines. They then measured the amount of white bone in the scans against the total area to find the trabecular bone density. Crunching the numbers confirmed their visual suspicions. Modern humans had 50 to 75 percent less dense trabecular bone than chimpanzees, and some hominins had bones that were twice as dense compared to those in modern humans. Both studies have implications for modern human health and the importance of physical activity to bone strength. ""The lightly-built skeleton of modern humans has a direct and important impact on bone strength and stiffness,"" says Tim Ryan. That's because lightness can translate to weakness&mdash;more broken bones and a higher incidence of osteoporosis and age-related bone loss. The researchers warn that with the deskbound lives that many people lead today, our bones may have become even more brittle than ever before. ""We are not challenging our bones with enough loading,"" says Colin Shaw, ""predisposing us to have weaker bones so that, as we age, situations arise where bones are breaking when, previously, they would not have.""<p><div class=""share_submission"" style=""position:relative;""> <a class=""slashpop"" href=""http://twitter.com/home?status=Scientists+Say+the+Future+Looks+Bleak+For+Our+Bones%3A+http%3A%2F%2Fbit.ly%2F1vcFGHN""><img src=""http://a.fsdn.com/sd/twitter_icon_large.png""></a> <a class=""slashpop"" href=""http://www.facebook.com/sharer.php?u=http%3A%2F%2Fscience.slashdot.org%2Fstory%2F14%2F12%2F24%2F214219%2Fscientists-say-the-future-looks-bleak-for-our-bones%3Futm_source%3Dslashdot%26utm_medium%3Dfacebook""><img src=""http://a.fsdn.com/sd/facebook_icon_large.png""></a> <a class=""nobg"" href=""http://plus.google.com/share?url=http://science.slashdot.org/story/14/12/24/214219/scientists-say-the-future-looks-bleak-for-our-bones?utm_source=slashdot&amp;utm_medium=googleplus"" onclick=""javascript:window.open(this.href,'', 'menubar=no,toolbar=no,resizable=yes,scrollbars=yes,height=600,width=600');return false;""><img src=""http://www.gstatic.com/images/icons/gplus-16.png"" alt=""Share on Google+""/></a> </div></p><p><a href=""http://science.slashdot.org/story/14/12/24/214219/scientists-say-the-future-looks-bleak-for-our-bones?utm_source=rss1.0moreanon&amp;utm_medium=feed"">Read more of this story</a> at Slashdot.</p><iframe src=""http://slashdot.org/slashdot-it.pl?op=discuss&amp;id=6506031&amp;smallembed=1"" style=""height: 300px; width: 100%; border: none;""></iframe><img width='1' height='1' src='http://slashdot.feedsportal.com/c/35028/f/647410/s/41c1595b/sc/14/mf.gif' border='0'/><br clear='all'/><br/><br/><a href=""http://da.feedsportal.com/r/216443197015/u/49/f/647410/c/35028/s/41c1595b/sc/14/rc/1/rc.htm"" rel=""nofollow""><img src=""http://da.feedsportal.com/r/216443197015/u/49/f/647410/c/35028/s/41c1595b/sc/14/rc/1/rc.img"" border=""0""/></a><br/><a href=""http://da.feedsportal.com/r/216443197015/u/49/f/647410/c/35028/s/41c1595b/sc/14/rc/2/rc.htm"" rel=""nofollow""><img src=""http://da.feedsportal.com/r/216443197015/u/49/f/647410/c/35028/s/41c1595b/sc/14/rc/2/rc.img"" border=""0""/></a><br/><a href=""http://da.feedsportal.com/r/216443197015/u/49/f/647410/c/35028/s/41c1595b/sc/14/rc/3/rc.htm"" rel=""nofollow""><img src=""http://da.feedsportal.com/r/216443197015/u/49/f/647410/c/35028/s/41c1595b/sc/14/rc/3/rc.img"" border=""0""/></a><br/><br/><a href=""http://da.feedsportal.com/r/216443197015/u/49/f/647410/c/35028/s/41c1595b/sc/14/a2.htm""><img src=""http://da.feedsportal.com/r/216443197015/u/49/f/647410/c/35028/s/41c1595b/sc/14/a2.img"" border=""0""/></a><img width=""1"" height=""1"" src=""http://pi.feedsportal.com/r/216443197015/u/49/f/647410/c/35028/s/41c1595b/sc/14/a2t.img"" border=""0""/><img src=""//feeds.feedburner.com/~r/Slashdot/slashdot/~4/0yyd1v01jt0"" height=""1"" width=""1"" alt=""""/>"
Should Video Games Be In the Olympics?,http://rss.slashdot.org/~r/Slashdot/slashdot/~3/AKG206EMCJA/story01.htm,"An anonymous reader writes: The BBC is running a story about e-sports and competitive video game. It's based on comments from Rob Pardo, formerly of Blizzard Entertainment, who says there's a good argument for having e-sports in the Olympics. He says video games are well positioned to be a spectator sport &mdash; an opinion supported by Amazon's purchase of Twitch.tv for almost a billion dollars. The main obstacle, says Pardo, is getting people to accept video games as a legitimate sport. ""If you want to define sport as something that takes a lot of physical exertion, then it's hard to argue that videogames should be a sport, but at the same time, when I'm looking at things that are already in the Olympics, I start questioning the definition."" The article notes, ""Take chess, for instance. Supporters of the game have long called for its inclusion the Games, but the IOC has been reluctant, considering it a 'mind sport' and therefore not welcome in the Games."" So, should the Games expand to include ""mind sports"" and video games?<p><div class=""share_submission"" style=""position:relative;""> <a class=""slashpop"" href=""http://twitter.com/home?status=Should+Video+Games+Be+In+the+Olympics%3F%3A+http%3A%2F%2Fbit.ly%2F1B1ZQsK""><img src=""http://a.fsdn.com/sd/twitter_icon_large.png""></a> <a class=""slashpop"" href=""http://www.facebook.com/sharer.php?u=http%3A%2F%2Fgames.slashdot.org%2Fstory%2F14%2F12%2F24%2F1626225%2Fshould-video-games-be-in-the-olympics%3Futm_source%3Dslashdot%26utm_medium%3Dfacebook""><img src=""http://a.fsdn.com/sd/facebook_icon_large.png""></a> <a class=""nobg"" href=""http://plus.google.com/share?url=http://games.slashdot.org/story/14/12/24/1626225/should-video-games-be-in-the-olympics?utm_source=slashdot&amp;utm_medium=googleplus"" onclick=""javascript:window.open(this.href,'', 'menubar=no,toolbar=no,resizable=yes,scrollbars=yes,height=600,width=600');return false;""><img src=""http://www.gstatic.com/images/icons/gplus-16.png"" alt=""Share on Google+""/></a> </div></p><p><a href=""http://games.slashdot.org/story/14/12/24/1626225/should-video-games-be-in-the-olympics?utm_source=rss1.0moreanon&amp;utm_medium=feed"">Read more of this story</a> at Slashdot.</p><iframe src=""http://slashdot.org/slashdot-it.pl?op=discuss&amp;id=6502557&amp;smallembed=1"" style=""height: 300px; width: 100%; border: none;""></iframe><img width='1' height='1' src='http://slashdot.feedsportal.com/c/35028/f/647410/s/41c0b706/sc/28/mf.gif' border='0'/><br clear='all'/><br/><br/><a href=""http://da.feedsportal.com/r/216443194087/u/49/f/647410/c/35028/s/41c0b706/sc/28/rc/1/rc.htm"" rel=""nofollow""><img src=""http://da.feedsportal.com/r/216443194087/u/49/f/647410/c/35028/s/41c0b706/sc/28/rc/1/rc.img"" border=""0""/></a><br/><a href=""http://da.feedsportal.com/r/216443194087/u/49/f/647410/c/35028/s/41c0b706/sc/28/rc/2/rc.htm"" rel=""nofollow""><img src=""http://da.feedsportal.com/r/216443194087/u/49/f/647410/c/35028/s/41c0b706/sc/28/rc/2/rc.img"" border=""0""/></a><br/><a href=""http://da.feedsportal.com/r/216443194087/u/49/f/647410/c/35028/s/41c0b706/sc/28/rc/3/rc.htm"" rel=""nofollow""><img src=""http://da.feedsportal.com/r/216443194087/u/49/f/647410/c/35028/s/41c0b706/sc/28/rc/3/rc.img"" border=""0""/></a><br/><br/><a href=""http://da.feedsportal.com/r/216443194087/u/49/f/647410/c/35028/s/41c0b706/sc/28/a2.htm""><img src=""http://da.feedsportal.com/r/216443194087/u/49/f/647410/c/35028/s/41c0b706/sc/28/a2.img"" border=""0""/></a><img width=""1"" height=""1"" src=""http://pi.feedsportal.com/r/216443194087/u/49/f/647410/c/35028/s/41c0b706/sc/28/a2t.img"" border=""0""/><img src=""//feeds.feedburner.com/~r/Slashdot/slashdot/~4/AKG206EMCJA"" height=""1"" width=""1"" alt=""""/>"
Sony To Release the Interview Online Today; Apple Won't Play Ball,http://rss.slashdot.org/~r/Slashdot/slashdot/~3/9oWUJaEOlh0/story01.htm,"An anonymous reader writes ""The BBC reports: ""Sony Pictures is to distribute its film The Interview online, after a cyber-attack and a row over its release. The film will be offered on a dedicated website &mdash; seetheinterview.com &mdash; as well as via Google and Microsoft services."" Notably absent among the services to provide The Interview is Apple. The New York Times reports: ""According to people briefed on the matter, Sony had in recent days asked the White House for help in lining up a single technology partner &mdash; Apple, which operates iTunes &mdash; but the tech company was not interested, at least not on a speedy time table. An Apple spokesman declined to comment. ""<p><div class=""share_submission"" style=""position:relative;""> <a class=""slashpop"" href=""http://twitter.com/home?status=Sony+To+Release+the+Interview+Online+Today%3B+Apple+Won't+Play+Ball%3A+http%3A%2F%2Fbit.ly%2F1EeE0Ij""><img src=""http://a.fsdn.com/sd/twitter_icon_large.png""></a> <a class=""slashpop"" href=""http://www.facebook.com/sharer.php?u=http%3A%2F%2Fentertainment.slashdot.org%2Fstory%2F14%2F12%2F24%2F183231%2Fsony-to-release-the-interview-online-today-apple-wont-play-ball%3Futm_source%3Dslashdot%26utm_medium%3Dfacebook""><img src=""http://a.fsdn.com/sd/facebook_icon_large.png""></a> <a class=""nobg"" href=""http://plus.google.com/share?url=http://entertainment.slashdot.org/story/14/12/24/183231/sony-to-release-the-interview-online-today-apple-wont-play-ball?utm_source=slashdot&amp;utm_medium=googleplus"" onclick=""javascript:window.open(this.href,'', 'menubar=no,toolbar=no,resizable=yes,scrollbars=yes,height=600,width=600');return false;""><img src=""http://www.gstatic.com/images/icons/gplus-16.png"" alt=""Share on Google+""/></a> </div></p><p><a href=""http://entertainment.slashdot.org/story/14/12/24/183231/sony-to-release-the-interview-online-today-apple-wont-play-ball?utm_source=rss1.0moreanon&amp;utm_medium=feed"">Read more of this story</a> at Slashdot.</p><iframe src=""http://slashdot.org/slashdot-it.pl?op=discuss&amp;id=6504279&amp;smallembed=1"" style=""height: 300px; width: 100%; border: none;""></iframe><img width='1' height='1' src='http://slashdot.feedsportal.com/c/35028/f/647410/s/41c06d4f/sc/1/mf.gif' border='0'/><br clear='all'/><br/><br/><a href=""http://da.feedsportal.com/r/216443239486/u/49/f/647410/c/35028/s/41c06d4f/sc/1/rc/1/rc.htm"" rel=""nofollow""><img src=""http://da.feedsportal.com/r/216443239486/u/49/f/647410/c/35028/s/41c06d4f/sc/1/rc/1/rc.img"" border=""0""/></a><br/><a href=""http://da.feedsportal.com/r/216443239486/u/49/f/647410/c/35028/s/41c06d4f/sc/1/rc/2/rc.htm"" rel=""nofollow""><img src=""http://da.feedsportal.com/r/216443239486/u/49/f/647410/c/35028/s/41c06d4f/sc/1/rc/2/rc.img"" border=""0""/></a><br/><a href=""http://da.feedsportal.com/r/216443239486/u/49/f/647410/c/35028/s/41c06d4f/sc/1/rc/3/rc.htm"" rel=""nofollow""><img src=""http://da.feedsportal.com/r/216443239486/u/49/f/647410/c/35028/s/41c06d4f/sc/1/rc/3/rc.img"" border=""0""/></a><br/><br/><a href=""http://da.feedsportal.com/r/216443239486/u/49/f/647410/c/35028/s/41c06d4f/sc/1/a2.htm""><img src=""http://da.feedsportal.com/r/216443239486/u/49/f/647410/c/35028/s/41c06d4f/sc/1/a2.img"" border=""0""/></a><img width=""1"" height=""1"" src=""http://pi.feedsportal.com/r/216443239486/u/49/f/647410/c/35028/s/41c06d4f/sc/1/a2t.img"" border=""0""/><img src=""//feeds.feedburner.com/~r/Slashdot/slashdot/~4/9oWUJaEOlh0"" height=""1"" width=""1"" alt=""""/>"
Sony To Release the Interview Online Today; Apple Won't Play Ball,http://rss.slashdot.org/~r/Slashdot/slashdot/~3/xjDQybrDm-0/story01.htm,"An anonymous reader writes ""The BBC reports: ""Sony Pictures is to distribute its film The Interview online, after a cyber-attack and a row over its release. The film will be offered on a dedicated website &mdash; seetheinterview.com &mdash; as well as via Google and Microsoft services."" Notably absent among the services to provide The Interview is Apple. The New York Times reports: ""According to people briefed on the matter, Sony had in recent days asked the White House for help in lining up a single technology partner &mdash; Apple, which operates iTunes &mdash; but the tech company was not interested, at least not on a speedy time table. An Apple spokesman declined to comment. ""<p><div class=""share_submission"" style=""position:relative;""> <a class=""slashpop"" href=""http://twitter.com/home?status=Sony+To+Release+the+Interview+Online+Today%3B+Apple+Won't+Play+Ball%3A+http%3A%2F%2Fbit.ly%2F1EeE0Ij""><img src=""http://a.fsdn.com/sd/twitter_icon_large.png""></a> <a class=""slashpop"" href=""http://www.facebook.com/sharer.php?u=http%3A%2F%2Fapple.slashdot.org%2Fstory%2F14%2F12%2F24%2F183231%2Fsony-to-release-the-interview-online-today-apple-wont-play-ball%3Futm_source%3Dslashdot%26utm_medium%3Dfacebook""><img src=""http://a.fsdn.com/sd/facebook_icon_large.png""></a> <a class=""nobg"" href=""http://plus.google.com/share?url=http://apple.slashdot.org/story/14/12/24/183231/sony-to-release-the-interview-online-today-apple-wont-play-ball?utm_source=slashdot&amp;utm_medium=googleplus"" onclick=""javascript:window.open(this.href,'', 'menubar=no,toolbar=no,resizable=yes,scrollbars=yes,height=600,width=600');return false;""><img src=""http://www.gstatic.com/images/icons/gplus-16.png"" alt=""Share on Google+""/></a> </div></p><p><a href=""http://apple.slashdot.org/story/14/12/24/183231/sony-to-release-the-interview-online-today-apple-wont-play-ball?utm_source=rss1.0moreanon&amp;utm_medium=feed"">Read more of this story</a> at Slashdot.</p><iframe src=""http://slashdot.org/slashdot-it.pl?op=discuss&amp;id=6504279&amp;smallembed=1"" style=""height: 300px; width: 100%; border: none;""></iframe><img width='1' height='1' src='http://slashdot.feedsportal.com/c/35028/f/647410/s/41c1dbcc/sc/21/mf.gif' border='0'/><br clear='all'/><img src=""//feeds.feedburner.com/~r/Slashdot/slashdot/~4/xjDQybrDm-0"" height=""1"" width=""1"" alt=""""/>"
Study: Burgeoning Trade in Wild-Cat Products From Burma to China (TIME),http://news.feedzilla.com/en_us/stories/science/411541593?client_source=api&format=json,"Clouded leopards were the most common cats surveyed for sale

"
Study: Police Body-Cams Reduce Unacceptable Use of Force,http://rss.slashdot.org/~r/Slashdot/slashdot/~3/GKH2lh-YRMA/story01.htm,"An anonymous reader writes: Incidents like the Michael Brown case have recently put police body-worn cameras into the public consciousness, but they're not a new idea to criminology experts. In fact, researchers at Cambridge began a study in 2012 using law enforcement in Rialto, California as a test bed. Their results are now in: ""The experiment showed that evidence capture is just one output of body-worn video, and the technology is perhaps most effective at actually preventing escalation during police-public interactions: whether that's abusive behavior towards police or unnecessary use-of-force by police."" The simple knowledge that both parties are being watched puts a damper on violence. ""During the 12-month Rialto experiment, use-of-force by officers wearing cameras fell by 59% and reports against officers dropped by 87% against the previous year's figures."" This was enough for the city of Rialto to decide it wants to move forward with body-worn cameras; hopefully the study will encourage other police departments as well.<p><div class=""share_submission"" style=""position:relative;""> <a class=""slashpop"" href=""http://twitter.com/home?status=Study%3A+Police+Body-Cams+Reduce+Unacceptable+Use+of+Force%3A+http%3A%2F%2Fbit.ly%2F1HBcukJ""><img src=""http://a.fsdn.com/sd/twitter_icon_large.png""></a> <a class=""slashpop"" href=""http://www.facebook.com/sharer.php?u=http%3A%2F%2Ftech.slashdot.org%2Fstory%2F14%2F12%2F24%2F1358225%2Fstudy-police-body-cams-reduce-unacceptable-use-of-force%3Futm_source%3Dslashdot%26utm_medium%3Dfacebook""><img src=""http://a.fsdn.com/sd/facebook_icon_large.png""></a> <a class=""nobg"" href=""http://plus.google.com/share?url=http://tech.slashdot.org/story/14/12/24/1358225/study-police-body-cams-reduce-unacceptable-use-of-force?utm_source=slashdot&amp;utm_medium=googleplus"" onclick=""javascript:window.open(this.href,'', 'menubar=no,toolbar=no,resizable=yes,scrollbars=yes,height=600,width=600');return false;""><img src=""http://www.gstatic.com/images/icons/gplus-16.png"" alt=""Share on Google+""/></a> </div></p><p><a href=""http://tech.slashdot.org/story/14/12/24/1358225/study-police-body-cams-reduce-unacceptable-use-of-force?utm_source=rss1.0moreanon&amp;utm_medium=feed"">Read more of this story</a> at Slashdot.</p><iframe src=""http://slashdot.org/slashdot-it.pl?op=discuss&amp;id=6500781&amp;smallembed=1"" style=""height: 300px; width: 100%; border: none;""></iframe><img width='1' height='1' src='http://slashdot.feedsportal.com/c/35028/f/647410/s/41bf6fe0/sc/1/mf.gif' border='0'/><br clear='all'/><br/><br/><a href=""http://da.feedsportal.com/r/216443191817/u/49/f/647410/c/35028/s/41bf6fe0/sc/1/rc/1/rc.htm"" rel=""nofollow""><img src=""http://da.feedsportal.com/r/216443191817/u/49/f/647410/c/35028/s/41bf6fe0/sc/1/rc/1/rc.img"" border=""0""/></a><br/><a href=""http://da.feedsportal.com/r/216443191817/u/49/f/647410/c/35028/s/41bf6fe0/sc/1/rc/2/rc.htm"" rel=""nofollow""><img src=""http://da.feedsportal.com/r/216443191817/u/49/f/647410/c/35028/s/41bf6fe0/sc/1/rc/2/rc.img"" border=""0""/></a><br/><a href=""http://da.feedsportal.com/r/216443191817/u/49/f/647410/c/35028/s/41bf6fe0/sc/1/rc/3/rc.htm"" rel=""nofollow""><img src=""http://da.feedsportal.com/r/216443191817/u/49/f/647410/c/35028/s/41bf6fe0/sc/1/rc/3/rc.img"" border=""0""/></a><br/><br/><a href=""http://da.feedsportal.com/r/216443191817/u/49/f/647410/c/35028/s/41bf6fe0/sc/1/a2.htm""><img src=""http://da.feedsportal.com/r/216443191817/u/49/f/647410/c/35028/s/41bf6fe0/sc/1/a2.img"" border=""0""/></a><img width=""1"" height=""1"" src=""http://pi.feedsportal.com/r/216443191817/u/49/f/647410/c/35028/s/41bf6fe0/sc/1/a2t.img"" border=""0""/><img src=""//feeds.feedburner.com/~r/Slashdot/slashdot/~4/GKH2lh-YRMA"" height=""1"" width=""1"" alt=""""/>"
Subsurface 4.3 Released,http://rss.slashdot.org/~r/Slashdot/slashdot/~3/8pT4M1jwnLo/story01.htm,"jones_supa writes ""The Subsurface development team proudly announces release 4.3 of the open source divelog and dive planning program, available for all major desktop operating systems. This is the software originally founded by Linus Torvalds, and the development seems to be continuing in great pace. Subsurface now supports flexible filtering of the dive list based on criteria like tags, people or gear. Dive characteristics can now also be copied and pasted to other dives. The dive profile now offers an easy to understand tissue saturation graph that shows tissue saturation at any point during the dive. As another new feature in the dive profile, one can turn on an improved visualization of the gas combinations used during a dive. The dive computer and file format support have also gotten large improvements.""<p><div class=""share_submission"" style=""position:relative;""> <a class=""slashpop"" href=""http://twitter.com/home?status=Subsurface+4.3+Released%3A+http%3A%2F%2Fbit.ly%2F1HD5jZj""><img src=""http://a.fsdn.com/sd/twitter_icon_large.png""></a> <a class=""slashpop"" href=""http://www.facebook.com/sharer.php?u=http%3A%2F%2Fdevelopers.slashdot.org%2Fstory%2F14%2F12%2F24%2F1832251%2Fsubsurface-43-released%3Futm_source%3Dslashdot%26utm_medium%3Dfacebook""><img src=""http://a.fsdn.com/sd/facebook_icon_large.png""></a> <a class=""nobg"" href=""http://plus.google.com/share?url=http://developers.slashdot.org/story/14/12/24/1832251/subsurface-43-released?utm_source=slashdot&amp;utm_medium=googleplus"" onclick=""javascript:window.open(this.href,'', 'menubar=no,toolbar=no,resizable=yes,scrollbars=yes,height=600,width=600');return false;""><img src=""http://www.gstatic.com/images/icons/gplus-16.png"" alt=""Share on Google+""/></a> </div></p><p><a href=""http://developers.slashdot.org/story/14/12/24/1832251/subsurface-43-released?utm_source=rss1.0moreanon&amp;utm_medium=feed"">Read more of this story</a> at Slashdot.</p><iframe src=""http://slashdot.org/slashdot-it.pl?op=discuss&amp;id=6504655&amp;smallembed=1"" style=""height: 300px; width: 100%; border: none;""></iframe><img width='1' height='1' src='http://slashdot.feedsportal.com/c/35028/f/647410/s/41c1082c/sc/4/mf.gif' border='0'/><br clear='all'/><br/><br/><a href=""http://da.feedsportal.com/r/216443241598/u/49/f/647410/c/35028/s/41c1082c/sc/4/rc/1/rc.htm"" rel=""nofollow""><img src=""http://da.feedsportal.com/r/216443241598/u/49/f/647410/c/35028/s/41c1082c/sc/4/rc/1/rc.img"" border=""0""/></a><br/><a href=""http://da.feedsportal.com/r/216443241598/u/49/f/647410/c/35028/s/41c1082c/sc/4/rc/2/rc.htm"" rel=""nofollow""><img src=""http://da.feedsportal.com/r/216443241598/u/49/f/647410/c/35028/s/41c1082c/sc/4/rc/2/rc.img"" border=""0""/></a><br/><a href=""http://da.feedsportal.com/r/216443241598/u/49/f/647410/c/35028/s/41c1082c/sc/4/rc/3/rc.htm"" rel=""nofollow""><img src=""http://da.feedsportal.com/r/216443241598/u/49/f/647410/c/35028/s/41c1082c/sc/4/rc/3/rc.img"" border=""0""/></a><br/><br/><a href=""http://da.feedsportal.com/r/216443241598/u/49/f/647410/c/35028/s/41c1082c/sc/4/a2.htm""><img src=""http://da.feedsportal.com/r/216443241598/u/49/f/647410/c/35028/s/41c1082c/sc/4/a2.img"" border=""0""/></a><img width=""1"" height=""1"" src=""http://pi.feedsportal.com/r/216443241598/u/49/f/647410/c/35028/s/41c1082c/sc/4/a2t.img"" border=""0""/><img src=""//feeds.feedburner.com/~r/Slashdot/slashdot/~4/8pT4M1jwnLo"" height=""1"" width=""1"" alt=""""/>"
The History of the NORAD/Microsoft and Google Santa Trackers,http://rss.slashdot.org/~r/Slashdot/slashdot/~3/hn6Cfn5kd_s/story01.htm,"theodp writes: Marketing Land's Danny Sullivan has a pretty epic post on How Google Became A Santa Tracker Tradition To Rival NORAD, and wonders if future generations will think of Santa tracking as synonymous with Google, just as past ones have felt about NORAD. Until it split with Google in 2012 (for unknown reasons) and hooked up with Microsoft, Sullivan explains, NORAD had really been the only place to go for a serious, dependable Santa tracking service. ""There's a big part of me that wishes Google had gotten out of Santa tracking when it split from NORAD,"" says Sullivan of the divorce. ""The NORAD Santa tracker brings back memories from my childhood; it brings back memories of me being a father with young kids checking in on Santa's progress. In contrast, Google feels to me like an upstart interloper messing with my nostalgic memories. But maybe Google's a welcome alternative to others. It's not uncommon to see the occasional complaint about a NORAD ""Santa Cam"" video showing Santa being accompanied by fighter jets. Some might prefer a Santa tracker that's not connected to a military organization. Of course, some might not feel one connected to a giant company is necessarily preferable. Part of me is also sad that when I go to NORAD's own site, I get a big Internet Explorer icon in the top right corner, which effectively opens up an ad for Microsoft. I guess I feel it's too blatant. Of course, complaining about the commercialization of something Christmas-related, I suppose, is kind of useless."" Sullivan adds, ""Overall, I'm thankful to the many people who are involved with both operations [NORAD Tracks Santa and Google Santa Tracker], who work hard to make children smile on Christmas Eve.""""<p><div class=""share_submission"" style=""position:relative;""> <a class=""slashpop"" href=""http://twitter.com/home?status=The+History+of+the+NORAD%2FMicrosoft+and+Google+Santa+Trackers%3A+http%3A%2F%2Fbit.ly%2F1EecL0u""><img src=""http://a.fsdn.com/sd/twitter_icon_large.png""></a> <a class=""slashpop"" href=""http://www.facebook.com/sharer.php?u=http%3A%2F%2Ftech.slashdot.org%2Fstory%2F14%2F12%2F24%2F159216%2Fthe-history-of-the-noradmicrosoft-and-google-santa-trackers%3Futm_source%3Dslashdot%26utm_medium%3Dfacebook""><img src=""http://a.fsdn.com/sd/facebook_icon_large.png""></a> <a class=""nobg"" href=""http://plus.google.com/share?url=http://tech.slashdot.org/story/14/12/24/159216/the-history-of-the-noradmicrosoft-and-google-santa-trackers?utm_source=slashdot&amp;utm_medium=googleplus"" onclick=""javascript:window.open(this.href,'', 'menubar=no,toolbar=no,resizable=yes,scrollbars=yes,height=600,width=600');return false;""><img src=""http://www.gstatic.com/images/icons/gplus-16.png"" alt=""Share on Google+""/></a> </div></p><p><a href=""http://tech.slashdot.org/story/14/12/24/159216/the-history-of-the-noradmicrosoft-and-google-santa-trackers?utm_source=rss1.0moreanon&amp;utm_medium=feed"">Read more of this story</a> at Slashdot.</p><iframe src=""http://slashdot.org/slashdot-it.pl?op=discuss&amp;id=6501577&amp;smallembed=1"" style=""height: 300px; width: 100%; border: none;""></iframe><img width='1' height='1' src='http://slashdot.feedsportal.com/c/35028/f/647410/s/41c022f9/sc/21/mf.gif' border='0'/><br clear='all'/><br/><br/><a href=""http://da.feedsportal.com/r/216443192856/u/49/f/647410/c/35028/s/41c022f9/sc/21/rc/1/rc.htm"" rel=""nofollow""><img src=""http://da.feedsportal.com/r/216443192856/u/49/f/647410/c/35028/s/41c022f9/sc/21/rc/1/rc.img"" border=""0""/></a><br/><a href=""http://da.feedsportal.com/r/216443192856/u/49/f/647410/c/35028/s/41c022f9/sc/21/rc/2/rc.htm"" rel=""nofollow""><img src=""http://da.feedsportal.com/r/216443192856/u/49/f/647410/c/35028/s/41c022f9/sc/21/rc/2/rc.img"" border=""0""/></a><br/><a href=""http://da.feedsportal.com/r/216443192856/u/49/f/647410/c/35028/s/41c022f9/sc/21/rc/3/rc.htm"" rel=""nofollow""><img src=""http://da.feedsportal.com/r/216443192856/u/49/f/647410/c/35028/s/41c022f9/sc/21/rc/3/rc.img"" border=""0""/></a><br/><br/><a href=""http://da.feedsportal.com/r/216443192856/u/49/f/647410/c/35028/s/41c022f9/sc/21/a2.htm""><img src=""http://da.feedsportal.com/r/216443192856/u/49/f/647410/c/35028/s/41c022f9/sc/21/a2.img"" border=""0""/></a><img width=""1"" height=""1"" src=""http://pi.feedsportal.com/r/216443192856/u/49/f/647410/c/35028/s/41c022f9/sc/21/a2t.img"" border=""0""/><img src=""//feeds.feedburner.com/~r/Slashdot/slashdot/~4/hn6Cfn5kd_s"" height=""1"" width=""1"" alt=""""/>"
"UK Man Arrested Over ""Offensive"" Tweet",http://rss.slashdot.org/~r/Slashdot/slashdot/~3/a33aOTuiG1A/story01.htm,"mooterSkooter writes A 19-year-old Uk man has been arrested over an ""offensive"" tweet about an accident in which six people died. From the article: ""The tweet, which has since been deleted along with the account that posted it, joked about the tragedy, in which the driver lost control of the vehicle and drove on the pavement, hitting Christmas shoppers 'like pinballs.' The tweet said: 'So a bin lorry has apparently driven in 100 people in Glasgow eh, probably the most trash it's picked up in one day.'""<p><div class=""share_submission"" style=""position:relative;""> <a class=""slashpop"" href=""http://twitter.com/home?status=UK+Man+Arrested+Over+%22Offensive%22+Tweet%3A+http%3A%2F%2Fbit.ly%2F1wl8q1j""><img src=""http://a.fsdn.com/sd/twitter_icon_large.png""></a> <a class=""slashpop"" href=""http://www.facebook.com/sharer.php?u=http%3A%2F%2Fnews.slashdot.org%2Fstory%2F14%2F12%2F24%2F1821208%2Fuk-man-arrested-over-offensive-tweet%3Futm_source%3Dslashdot%26utm_medium%3Dfacebook""><img src=""http://a.fsdn.com/sd/facebook_icon_large.png""></a> <a class=""nobg"" href=""http://plus.google.com/share?url=http://news.slashdot.org/story/14/12/24/1821208/uk-man-arrested-over-offensive-tweet?utm_source=slashdot&amp;utm_medium=googleplus"" onclick=""javascript:window.open(this.href,'', 'menubar=no,toolbar=no,resizable=yes,scrollbars=yes,height=600,width=600');return false;""><img src=""http://www.gstatic.com/images/icons/gplus-16.png"" alt=""Share on Google+""/></a> </div></p><p><a href=""http://news.slashdot.org/story/14/12/24/1821208/uk-man-arrested-over-offensive-tweet?utm_source=rss1.0moreanon&amp;utm_medium=feed"">Read more of this story</a> at Slashdot.</p><iframe src=""http://slashdot.org/slashdot-it.pl?op=discuss&amp;id=6504517&amp;smallembed=1"" style=""height: 300px; width: 100%; border: none;""></iframe><img width='1' height='1' src='http://slashdot.feedsportal.com/c/35028/f/647410/s/41c0d052/sc/8/mf.gif' border='0'/><br clear='all'/><br/><br/><a href=""http://da.feedsportal.com/r/216443196629/u/49/f/647410/c/35028/s/41c0d052/sc/8/rc/1/rc.htm"" rel=""nofollow""><img src=""http://da.feedsportal.com/r/216443196629/u/49/f/647410/c/35028/s/41c0d052/sc/8/rc/1/rc.img"" border=""0""/></a><br/><a href=""http://da.feedsportal.com/r/216443196629/u/49/f/647410/c/35028/s/41c0d052/sc/8/rc/2/rc.htm"" rel=""nofollow""><img src=""http://da.feedsportal.com/r/216443196629/u/49/f/647410/c/35028/s/41c0d052/sc/8/rc/2/rc.img"" border=""0""/></a><br/><a href=""http://da.feedsportal.com/r/216443196629/u/49/f/647410/c/35028/s/41c0d052/sc/8/rc/3/rc.htm"" rel=""nofollow""><img src=""http://da.feedsportal.com/r/216443196629/u/49/f/647410/c/35028/s/41c0d052/sc/8/rc/3/rc.img"" border=""0""/></a><br/><br/><a href=""http://da.feedsportal.com/r/216443196629/u/49/f/647410/c/35028/s/41c0d052/sc/8/a2.htm""><img src=""http://da.feedsportal.com/r/216443196629/u/49/f/647410/c/35028/s/41c0d052/sc/8/a2.img"" border=""0""/></a><img width=""1"" height=""1"" src=""http://pi.feedsportal.com/r/216443196629/u/49/f/647410/c/35028/s/41c0d052/sc/8/a2t.img"" border=""0""/><img src=""//feeds.feedburner.com/~r/Slashdot/slashdot/~4/a33aOTuiG1A"" height=""1"" width=""1"" alt=""""/>"
US Internet Offers 10Gbps Fiber In Minneapolis,http://rss.slashdot.org/~r/Slashdot/slashdot/~3/BsFeWF2TVms/story01.htm,"An anonymous reader writes Christmas came early in Minneapolis! U.S. Internet has announced that they are now offering 10 Gbps service to all of their existing fiber customers. Their prior top tier service was 1 Gbps. The article also goes on to state that they're actively working on rolling out 40 Gbps and 100 Gbps fiber service as well.""<p><div class=""share_submission"" style=""position:relative;""> <a class=""slashpop"" href=""http://twitter.com/home?status=US+Internet+Offers+10Gbps+Fiber+In+Minneapolis%3A+http%3A%2F%2Fbit.ly%2F1x51Ukd""><img src=""http://a.fsdn.com/sd/twitter_icon_large.png""></a> <a class=""slashpop"" href=""http://www.facebook.com/sharer.php?u=http%3A%2F%2Ftech.slashdot.org%2Fstory%2F14%2F12%2F24%2F189211%2Fus-internet-offers-10gbps-fiber-in-minneapolis%3Futm_source%3Dslashdot%26utm_medium%3Dfacebook""><img src=""http://a.fsdn.com/sd/facebook_icon_large.png""></a> <a class=""nobg"" href=""http://plus.google.com/share?url=http://tech.slashdot.org/story/14/12/24/189211/us-internet-offers-10gbps-fiber-in-minneapolis?utm_source=slashdot&amp;utm_medium=googleplus"" onclick=""javascript:window.open(this.href,'', 'menubar=no,toolbar=no,resizable=yes,scrollbars=yes,height=600,width=600');return false;""><img src=""http://www.gstatic.com/images/icons/gplus-16.png"" alt=""Share on Google+""/></a> </div></p><p><a href=""http://tech.slashdot.org/story/14/12/24/189211/us-internet-offers-10gbps-fiber-in-minneapolis?utm_source=rss1.0moreanon&amp;utm_medium=feed"">Read more of this story</a> at Slashdot.</p><iframe src=""http://slashdot.org/slashdot-it.pl?op=discuss&amp;id=6504361&amp;smallembed=1"" style=""height: 300px; width: 100%; border: none;""></iframe><img width='1' height='1' src='http://slashdot.feedsportal.com/c/35028/f/647410/s/41c1001d/sc/46/mf.gif' border='0'/><br clear='all'/><br/><br/><a href=""http://da.feedsportal.com/r/216443240696/u/49/f/647410/c/35028/s/41c1001d/sc/46/rc/1/rc.htm"" rel=""nofollow""><img src=""http://da.feedsportal.com/r/216443240696/u/49/f/647410/c/35028/s/41c1001d/sc/46/rc/1/rc.img"" border=""0""/></a><br/><a href=""http://da.feedsportal.com/r/216443240696/u/49/f/647410/c/35028/s/41c1001d/sc/46/rc/2/rc.htm"" rel=""nofollow""><img src=""http://da.feedsportal.com/r/216443240696/u/49/f/647410/c/35028/s/41c1001d/sc/46/rc/2/rc.img"" border=""0""/></a><br/><a href=""http://da.feedsportal.com/r/216443240696/u/49/f/647410/c/35028/s/41c1001d/sc/46/rc/3/rc.htm"" rel=""nofollow""><img src=""http://da.feedsportal.com/r/216443240696/u/49/f/647410/c/35028/s/41c1001d/sc/46/rc/3/rc.img"" border=""0""/></a><br/><br/><a href=""http://da.feedsportal.com/r/216443240696/u/49/f/647410/c/35028/s/41c1001d/sc/46/a2.htm""><img src=""http://da.feedsportal.com/r/216443240696/u/49/f/647410/c/35028/s/41c1001d/sc/46/a2.img"" border=""0""/></a><img width=""1"" height=""1"" src=""http://pi.feedsportal.com/r/216443240696/u/49/f/647410/c/35028/s/41c1001d/sc/46/a2t.img"" border=""0""/><img src=""//feeds.feedburner.com/~r/Slashdot/slashdot/~4/BsFeWF2TVms"" height=""1"" width=""1"" alt=""""/>"
Ursid Meteor Shower Peaks Tonight: How to Watch (Scientific American),http://news.feedzilla.com/en_us/stories/science/411501688?client_source=api&format=json,"The Ursid meteor shower should offer skywatchers a good view this year


-- Read more on ScientificAmerican.com

"
Weird weather lingers in Alaska's largest city (The Arizona Republic),http://news.feedzilla.com/en_us/stories/science/411538355?client_source=api&format=json,"ANCHORAGE, Alaska (AP) -- A week before Christmas, Alaska's largest city
should look like a postcard wonderland, and the last place you'd expect to see
equipment making snow....

"
Why Have Our Brains Started to Shrink? (Scientific American),http://news.feedzilla.com/en_us/stories/science/411535258?client_source=api&format=json,"--via e-mail


-- Read more on ScientificAmerican.com

"
gnathodiaphyseal dysplasia (US NLM),http://news.feedzilla.com/en_us/stories/science/411543023?client_source=api&format=json,"Gnathodiaphyseal dysplasia and its relationship with gene ANO5 have been added
to Genetics Home Reference. Web links to MedlinePlus, NIH publications,
patient support web sites, ClinicalTrials.gov, PubMed, and OMIM are included.

"
